[
    {
        "id": 1,
        "name": {
            "default": "Afghanistan",
            "full": "Islamic Republic Of Afghanistan"
        },
        "code": {
            "alpha2": "AF",
            "alpha3": "AFG"
        }
    },
    {
        "id": 2,
        "name": {
            "default": "Aland Islands",
            "full": "Aland Islands"
        },
        "code": {
            "alpha2": "AX",
            "alpha3": "ALA"
        }
    },
    {
        "id": 3,
        "name": {
            "default": "Albania",
            "full": "Republic Of Albania"
        },
        "code": {
            "alpha2": "AL",
            "alpha3": "ALB"
        }
    },
    {
        "id": 4,
        "name": {
            "default": "Algeria",
            "full": "People's Democratic Republic Of Algeria"
        },
        "code": {
            "alpha2": "DZ",
            "alpha3": "DZA"
        }
    },
    {
        "id": 5,
        "name": {
            "default": "American Samoa",
            "full": "American Samoa"
        },
        "code": {
            "alpha2": "AS",
            "alpha3": "ASM"
        }
    },
    {
        "id": 6,
        "name": {
            "default": "Andorra",
            "full": "Principality Of Andorra"
        },
        "code": {
            "alpha2": "AD",
            "alpha3": "AND"
        }
    },
    {
        "id": 7,
        "name": {
            "default": "Angola",
            "full": "Republic Of Angola"
        },
        "code": {
            "alpha2": "AO",
            "alpha3": "AGO"
        }
    },
    {
        "id": 8,
        "name": {
            "default": "Anguilla",
            "full": "Anguilla"
        },
        "code": {
            "alpha2": "AI",
            "alpha3": "AIA"
        }
    },
    {
        "id": 9,
        "name": {
            "default": "Antarctica",
            "full": "Antarctica"
        },
        "code": {
            "alpha2": "AQ",
            "alpha3": "ATA"
        }
    },
    {
        "id": 10,
        "name": {
            "default": "Antigua And Barbuda",
            "full": "Antigua And Barbuda"
        },
        "code": {
            "alpha2": "AG",
            "alpha3": "ATG"
        }
    },
    {
        "id": 11,
        "name": {
            "default": "Argentina",
            "full": "Argentine Republic"
        },
        "code": {
            "alpha2": "AR",
            "alpha3": "ARG"
        }
    },
    {
        "id": 12,
        "name": {
            "default": "Armenia",
            "full": "Republic Of Armenia"
        },
        "code": {
            "alpha2": "AM",
            "alpha3": "ARM"
        }
    },
    {
        "id": 13,
        "name": {
            "default": "Aruba",
            "full": "Aruba"
        },
        "code": {
            "alpha2": "AW",
            "alpha3": "ABW"
        }
    },
    {
        "id": 14,
        "name": {
            "default": "Australia",
            "full": "Commonwealth Of Australia"
        },
        "code": {
            "alpha2": "AU",
            "alpha3": "AUS"
        }
    },
    {
        "id": 15,
        "name": {
            "default": "Austria",
            "full": "Republic Of Austria"
        },
        "code": {
            "alpha2": "AT",
            "alpha3": "AUT"
        }
    },
    {
        "id": 16,
        "name": {
            "default": "Azerbaijan",
            "full": "Republic Of Azerbaijan"
        },
        "code": {
            "alpha2": "AZ",
            "alpha3": "AZE"
        }
    },
    {
        "id": 17,
        "name": {
            "default": "Bahamas",
            "full": "Commonwealth Of The Bahamas"
        },
        "code": {
            "alpha2": "BS",
            "alpha3": "BHS"
        }
    },
    {
        "id": 18,
        "name": {
            "default": "Bahrain",
            "full": "Kingdom Of Bahrain"
        },
        "code": {
            "alpha2": "BH",
            "alpha3": "BHR"
        }
    },
    {
        "id": 19,
        "name": {
            "default": "Bangladesh",
            "full": "People's Republic Of Bangladesh"
        },
        "code": {
            "alpha2": "BD",
            "alpha3": "BGD"
        }
    },
    {
        "id": 20,
        "name": {
            "default": "Barbados",
            "full": "Barbados"
        },
        "code": {
            "alpha2": "BB",
            "alpha3": "BRB"
        }
    },
    {
        "id": 21,
        "name": {
            "default": "Belarus",
            "full": "Republic Of Belarus"
        },
        "code": {
            "alpha2": "BY",
            "alpha3": "BLR"
        }
    },
    {
        "id": 22,
        "name": {
            "default": "Belgium",
            "full": "Kingdom Of Belgium"
        },
        "code": {
            "alpha2": "BE",
            "alpha3": "BEL"
        }
    },
    {
        "id": 23,
        "name": {
            "default": "Belize",
            "full": "Belize"
        },
        "code": {
            "alpha2": "BZ",
            "alpha3": "BLZ"
        }
    },
    {
        "id": 24,
        "name": {
            "default": "Benin",
            "full": "Republic Of Benin"
        },
        "code": {
            "alpha2": "BJ",
            "alpha3": "BEN"
        }
    },
    {
        "id": 25,
        "name": {
            "default": "Bermuda",
            "full": "Bermuda Islands"
        },
        "code": {
            "alpha2": "BM",
            "alpha3": "BMU"
        }
    },
    {
        "id": 26,
        "name": {
            "default": "Bhutan",
            "full": "Kingdom Of Bhutan"
        },
        "code": {
            "alpha2": "BT",
            "alpha3": "BTN"
        }
    },
    {
        "id": 27,
        "name": {
            "default": "Bolivia",
            "full": "Plurinational State Of Bolivia"
        },
        "code": {
            "alpha2": "BO",
            "alpha3": "BOL"
        }
    },
    {
        "id": 28,
        "name": {
            "default": "Bonaire Sint Eustatius And Saba",
            "full": "Bonaire, Sint Eustatius And Saba"
        },
        "code": {
            "alpha2": "BQ",
            "alpha3": "BES"
        }
    },
    {
        "id": 29,
        "name": {
            "default": "Bosnia And Herzegovina",
            "full": "Bosnia And Herzegovina"
        },
        "code": {
            "alpha2": "BA",
            "alpha3": "BIH"
        }
    },
    {
        "id": 30,
        "name": {
            "default": "Botswana",
            "full": "Republic Of Botswana"
        },
        "code": {
            "alpha2": "BW",
            "alpha3": "BWA"
        }
    },
    {
        "id": 31,
        "name": {
            "default": "Bouvet Island",
            "full": "Bouvet Island"
        },
        "code": {
            "alpha2": "BV",
            "alpha3": "BVT"
        }
    },
    {
        "id": 32,
        "name": {
            "default": "Brazil",
            "full": "Federative Republic Of Brazil"
        },
        "code": {
            "alpha2": "BR",
            "alpha3": "BRA"
        }
    },
    {
        "id": 33,
        "name": {
            "default": "British Indian Ocean Territory",
            "full": "British Indian Ocean Territory"
        },
        "code": {
            "alpha2": "IO",
            "alpha3": "IOT"
        }
    },
    {
        "id": 34,
        "name": {
            "default": "Brunei",
            "full": "Brunei Darussalam"
        },
        "code": {
            "alpha2": "BN",
            "alpha3": "BRN"
        }
    },
    {
        "id": 35,
        "name": {
            "default": "Bulgaria",
            "full": "Republic Of Bulgaria"
        },
        "code": {
            "alpha2": "BG",
            "alpha3": "BGR"
        }
    },
    {
        "id": 36,
        "name": {
            "default": "Burkina Faso",
            "full": "Burkina Faso"
        },
        "code": {
            "alpha2": "BF",
            "alpha3": "BFA"
        }
    },
    {
        "id": 37,
        "name": {
            "default": "Burundi",
            "full": "Republic Of Burundi"
        },
        "code": {
            "alpha2": "BI",
            "alpha3": "BDI"
        }
    },
    {
        "id": 38,
        "name": {
            "default": "Cambodia",
            "full": "Kingdom Of Cambodia"
        },
        "code": {
            "alpha2": "KH",
            "alpha3": "KHM"
        }
    },
    {
        "id": 39,
        "name": {
            "default": "Cameroon",
            "full": "Republic Of Cameroon"
        },
        "code": {
            "alpha2": "CM",
            "alpha3": "CMR"
        }
    },
    {
        "id": 40,
        "name": {
            "default": "Canada",
            "full": "Canada"
        },
        "code": {
            "alpha2": "CA",
            "alpha3": "CAN"
        }
    },
    {
        "id": 41,
        "name": {
            "default": "Cape Verde",
            "full": "Republic Of Cape Verde"
        },
        "code": {
            "alpha2": "CV",
            "alpha3": "CPV"
        }
    },
    {
        "id": 42,
        "name": {
            "default": "Cayman Islands",
            "full": "The Cayman Islands"
        },
        "code": {
            "alpha2": "KY",
            "alpha3": "CYM"
        }
    },
    {
        "id": 43,
        "name": {
            "default": "Central African Republic",
            "full": "Central African Republic"
        },
        "code": {
            "alpha2": "CF",
            "alpha3": "CAF"
        }
    },
    {
        "id": 44,
        "name": {
            "default": "Chad",
            "full": "Republic Of Chad"
        },
        "code": {
            "alpha2": "TD",
            "alpha3": "TCD"
        }
    },
    {
        "id": 45,
        "name": {
            "default": "Chile",
            "full": "Republic Of Chile"
        },
        "code": {
            "alpha2": "CL",
            "alpha3": "CHL"
        }
    },
    {
        "id": 46,
        "name": {
            "default": "China",
            "full": "People's Republic Of China"
        },
        "code": {
            "alpha2": "CN",
            "alpha3": "CHN"
        }
    },
    {
        "id": 47,
        "name": {
            "default": "Christmas Island",
            "full": "Christmas Island"
        },
        "code": {
            "alpha2": "CX",
            "alpha3": "CXR"
        }
    },
    {
        "id": 48,
        "name": {
            "default": "Cocos (Keeling) Islands",
            "full": "Cocos (Keeling) Islands"
        },
        "code": {
            "alpha2": "CC",
            "alpha3": "CCK"
        }
    },
    {
        "id": 49,
        "name": {
            "default": "Colombia",
            "full": "Republic Of Colombia"
        },
        "code": {
            "alpha2": "CO",
            "alpha3": "COL"
        }
    },
    {
        "id": 50,
        "name": {
            "default": "Comoros",
            "full": "Union Of The Comoros"
        },
        "code": {
            "alpha2": "KM",
            "alpha3": "COM"
        }
    },
    {
        "id": 51,
        "name": {
            "default": "Congo",
            "full": "Republic Of The Congo"
        },
        "code": {
            "alpha2": "CG",
            "alpha3": "COG"
        }
    },
    {
        "id": 52,
        "name": {
            "default": "Cook Islands",
            "full": "Cook Islands"
        },
        "code": {
            "alpha2": "CK",
            "alpha3": "COK"
        }
    },
    {
        "id": 53,
        "name": {
            "default": "Costa Rica",
            "full": "Republic Of Costa Rica"
        },
        "code": {
            "alpha2": "CR",
            "alpha3": "CRI"
        }
    },
    {
        "id": 54,
        "name": {
            "default": "Ivory Coast",
            "full": "Republic Of Ivory Coast"
        },
        "code": {
            "alpha2": "CI",
            "alpha3": "CIV"
        }
    },
    {
        "id": 55,
        "name": {
            "default": "Croatia",
            "full": "Republic Of Croatia"
        },
        "code": {
            "alpha2": "HR",
            "alpha3": "HRV"
        }
    },
    {
        "id": 56,
        "name": {
            "default": "Cuba",
            "full": "Republic Of Cuba"
        },
        "code": {
            "alpha2": "CU",
            "alpha3": "CUB"
        }
    },
    {
        "id": 57,
        "name": {
            "default": "Curacao",
            "full": "Curacao"
        },
        "code": {
            "alpha2": "CW",
            "alpha3": "CUW"
        }
    },
    {
        "id": 58,
        "name": {
            "default": "Cyprus",
            "full": "Republic Of Cyprus"
        },
        "code": {
            "alpha2": "CY",
            "alpha3": "CYP"
        }
    },
    {
        "id": 59,
        "name": {
            "default": "Czechia",
            "full": "Czech Republic"
        },
        "code": {
            "alpha2": "CZ",
            "alpha3": "CZE"
        }
    },
    {
        "id": 60,
        "name": {
            "default": "Democratic Republic Of The Congo",
            "full": "Democratic Republic Of The Congo"
        },
        "code": {
            "alpha2": "CD",
            "alpha3": "COD"
        }
    },
    {
        "id": 61,
        "name": {
            "default": "Denmark",
            "full": "Kingdom Of Denmark"
        },
        "code": {
            "alpha2": "DK",
            "alpha3": "DNK"
        }
    },
    {
        "id": 62,
        "name": {
            "default": "Djibouti",
            "full": "Republic Of Djibouti"
        },
        "code": {
            "alpha2": "DJ",
            "alpha3": "DJI"
        }
    },
    {
        "id": 63,
        "name": {
            "default": "Dominica",
            "full": "Commonwealth Of Dominica"
        },
        "code": {
            "alpha2": "DM",
            "alpha3": "DMA"
        }
    },
    {
        "id": 64,
        "name": {
            "default": "Dominican Republic",
            "full": "Dominican Republic"
        },
        "code": {
            "alpha2": "DO",
            "alpha3": "DOM"
        }
    },
    {
        "id": 65,
        "name": {
            "default": "Ecuador",
            "full": "Republic Of Ecuador"
        },
        "code": {
            "alpha2": "EC",
            "alpha3": "ECU"
        }
    },
    {
        "id": 66,
        "name": {
            "default": "Egypt",
            "full": "Arab Republic Of Egypt"
        },
        "code": {
            "alpha2": "EG",
            "alpha3": "EGY"
        }
    },
    {
        "id": 67,
        "name": {
            "default": "El Salvador",
            "full": "Republic Of El Salvador"
        },
        "code": {
            "alpha2": "SV",
            "alpha3": "SLV"
        }
    },
    {
        "id": 68,
        "name": {
            "default": "Equatorial Guinea",
            "full": "Republic Of Equatorial Guinea"
        },
        "code": {
            "alpha2": "GQ",
            "alpha3": "GNQ"
        }
    },
    {
        "id": 69,
        "name": {
            "default": "Eritrea",
            "full": "State Of Eritrea"
        },
        "code": {
            "alpha2": "ER",
            "alpha3": "ERI"
        }
    },
    {
        "id": 70,
        "name": {
            "default": "Estonia",
            "full": "Republic Of Estonia"
        },
        "code": {
            "alpha2": "EE",
            "alpha3": "EST"
        }
    },
    {
        "id": 71,
        "name": {
            "default": "Ethiopia",
            "full": "Federal Democratic Republic Of Ethiopia"
        },
        "code": {
            "alpha2": "ET",
            "alpha3": "ETH"
        }
    },
    {
        "id": 72,
        "name": {
            "default": "Falkland Islands (Malvinas)",
            "full": "The Falkland Islands (Malvinas)"
        },
        "code": {
            "alpha2": "FK",
            "alpha3": "FLK"
        }
    },
    {
        "id": 73,
        "name": {
            "default": "Faroe Islands",
            "full": "The Faroe Islands"
        },
        "code": {
            "alpha2": "FO",
            "alpha3": "FRO"
        }
    },
    {
        "id": 74,
        "name": {
            "default": "Fiji",
            "full": "Republic Of Fiji"
        },
        "code": {
            "alpha2": "FJ",
            "alpha3": "FJI"
        }
    },
    {
        "id": 75,
        "name": {
            "default": "Finland",
            "full": "Republic Of Finland"
        },
        "code": {
            "alpha2": "FI",
            "alpha3": "FIN"
        }
    },
    {
        "id": 76,
        "name": {
            "default": "France",
            "full": "French Republic"
        },
        "code": {
            "alpha2": "FR",
            "alpha3": "FRA"
        }
    },
    {
        "id": 77,
        "name": {
            "default": "French Guiana",
            "full": "French Guiana"
        },
        "code": {
            "alpha2": "GF",
            "alpha3": "GUF"
        }
    },
    {
        "id": 78,
        "name": {
            "default": "French Polynesia",
            "full": "French Polynesia"
        },
        "code": {
            "alpha2": "PF",
            "alpha3": "PYF"
        }
    },
    {
        "id": 79,
        "name": {
            "default": "French Southern Territories",
            "full": "French Southern Territories"
        },
        "code": {
            "alpha2": "TF",
            "alpha3": "ATF"
        }
    },
    {
        "id": 80,
        "name": {
            "default": "Gabon",
            "full": "Gabonese Republic"
        },
        "code": {
            "alpha2": "GA",
            "alpha3": "GAB"
        }
    },
    {
        "id": 81,
        "name": {
            "default": "Gambia",
            "full": "Republic Of The Gambia"
        },
        "code": {
            "alpha2": "GM",
            "alpha3": "GMB"
        }
    },
    {
        "id": 82,
        "name": {
            "default": "Georgia",
            "full": "Georgia"
        },
        "code": {
            "alpha2": "GE",
            "alpha3": "GEO"
        }
    },
    {
        "id": 83,
        "name": {
            "default": "Germany",
            "full": "Federal Republic Of Germany"
        },
        "code": {
            "alpha2": "DE",
            "alpha3": "DEU"
        }
    },
    {
        "id": 84,
        "name": {
            "default": "Ghana",
            "full": "Republic Of Ghana"
        },
        "code": {
            "alpha2": "GH",
            "alpha3": "GHA"
        }
    },
    {
        "id": 85,
        "name": {
            "default": "Gibraltar",
            "full": "Gibraltar"
        },
        "code": {
            "alpha2": "GI",
            "alpha3": "GIB"
        }
    },
    {
        "id": 86,
        "name": {
            "default": "Greece",
            "full": "Hellenic Republic"
        },
        "code": {
            "alpha2": "GR",
            "alpha3": "GRC"
        }
    },
    {
        "id": 87,
        "name": {
            "default": "Greenland",
            "full": "Greenland"
        },
        "code": {
            "alpha2": "GL",
            "alpha3": "GRL"
        }
    },
    {
        "id": 88,
        "name": {
            "default": "Grenada",
            "full": "Grenada"
        },
        "code": {
            "alpha2": "GD",
            "alpha3": "GRD"
        }
    },
    {
        "id": 89,
        "name": {
            "default": "Guadeloupe",
            "full": "Guadeloupe"
        },
        "code": {
            "alpha2": "GP",
            "alpha3": "GLP"
        }
    },
    {
        "id": 90,
        "name": {
            "default": "Guam",
            "full": "Guam"
        },
        "code": {
            "alpha2": "GU",
            "alpha3": "GUM"
        }
    },
    {
        "id": 91,
        "name": {
            "default": "Guatemala",
            "full": "Republic Of Guatemala"
        },
        "code": {
            "alpha2": "GT",
            "alpha3": "GTM"
        }
    },
    {
        "id": 92,
        "name": {
            "default": "Guernsey",
            "full": "Guernsey"
        },
        "code": {
            "alpha2": "GG",
            "alpha3": "GGY"
        }
    },
    {
        "id": 93,
        "name": {
            "default": "Guinea",
            "full": "Republic Of Guinea"
        },
        "code": {
            "alpha2": "GN",
            "alpha3": "GIN"
        }
    },
    {
        "id": 94,
        "name": {
            "default": "Guinea-Bissau",
            "full": "Republic Of Guinea-Bissau"
        },
        "code": {
            "alpha2": "GW",
            "alpha3": "GNB"
        }
    },
    {
        "id": 95,
        "name": {
            "default": "Guyana",
            "full": "Co-Operative Republic Of Guyana"
        },
        "code": {
            "alpha2": "GY",
            "alpha3": "GUY"
        }
    },
    {
        "id": 96,
        "name": {
            "default": "Haiti",
            "full": "Republic Of Haiti"
        },
        "code": {
            "alpha2": "HT",
            "alpha3": "HTI"
        }
    },
    {
        "id": 97,
        "name": {
            "default": "Heard Island And Mcdonald Islands",
            "full": "Heard Island And Mcdonald Islands"
        },
        "code": {
            "alpha2": "HM",
            "alpha3": "HMD"
        }
    },
    {
        "id": 98,
        "name": {
            "default": "Honduras",
            "full": "Republic Of Honduras"
        },
        "code": {
            "alpha2": "HN",
            "alpha3": "HND"
        }
    },
    {
        "id": 99,
        "name": {
            "default": "Hong Kong",
            "full": "Hong Kong"
        },
        "code": {
            "alpha2": "HK",
            "alpha3": "HKG"
        }
    },
    {
        "id": 100,
        "name": {
            "default": "Hungary",
            "full": "Hungary"
        },
        "code": {
            "alpha2": "HU",
            "alpha3": "HUN"
        }
    },
    {
        "id": 101,
        "name": {
            "default": "Iceland",
            "full": "Republic Of Iceland"
        },
        "code": {
            "alpha2": "IS",
            "alpha3": "ISL"
        }
    },
    {
        "id": 102,
        "name": {
            "default": "India",
            "full": "Republic Of India"
        },
        "code": {
            "alpha2": "IN",
            "alpha3": "IND"
        }
    },
    {
        "id": 103,
        "name": {
            "default": "Indonesia",
            "full": "Republic Of Indonesia"
        },
        "code": {
            "alpha2": "ID",
            "alpha3": "IDN"
        }
    },
    {
        "id": 104,
        "name": {
            "default": "Iran",
            "full": "Islamic Republic Of Iran"
        },
        "code": {
            "alpha2": "IR",
            "alpha3": "IRN"
        }
    },
    {
        "id": 105,
        "name": {
            "default": "Iraq",
            "full": "Republic Of Iraq"
        },
        "code": {
            "alpha2": "IQ",
            "alpha3": "IRQ"
        }
    },
    {
        "id": 106,
        "name": {
            "default": "Ireland",
            "full": "Ireland"
        },
        "code": {
            "alpha2": "IE",
            "alpha3": "IRL"
        }
    },
    {
        "id": 107,
        "name": {
            "default": "Isle Of Man",
            "full": "Isle Of Man"
        },
        "code": {
            "alpha2": "IM",
            "alpha3": "IMN"
        }
    },
    {
        "id": 108,
        "name": {
            "default": "Israel",
            "full": "State Of Israel"
        },
        "code": {
            "alpha2": "IL",
            "alpha3": "ISR"
        }
    },
    {
        "id": 109,
        "name": {
            "default": "Italy",
            "full": "Italian Republic"
        },
        "code": {
            "alpha2": "IT",
            "alpha3": "ITA"
        }
    },
    {
        "id": 110,
        "name": {
            "default": "Jamaica",
            "full": "Jamaica"
        },
        "code": {
            "alpha2": "JM",
            "alpha3": "JAM"
        }
    },
    {
        "id": 111,
        "name": {
            "default": "Japan",
            "full": "Japan"
        },
        "code": {
            "alpha2": "JP",
            "alpha3": "JPN"
        }
    },
    {
        "id": 112,
        "name": {
            "default": "Jersey",
            "full": "The Bailiwick Of Jersey"
        },
        "code": {
            "alpha2": "JE",
            "alpha3": "JEY"
        }
    },
    {
        "id": 113,
        "name": {
            "default": "Jordan",
            "full": "Hashemite Kingdom Of Jordan"
        },
        "code": {
            "alpha2": "JO",
            "alpha3": "JOR"
        }
    },
    {
        "id": 114,
        "name": {
            "default": "Kazakhstan",
            "full": "Republic Of Kazakhstan"
        },
        "code": {
            "alpha2": "KZ",
            "alpha3": "KAZ"
        }
    },
    {
        "id": 115,
        "name": {
            "default": "Kenya",
            "full": "Republic Of Kenya"
        },
        "code": {
            "alpha2": "KE",
            "alpha3": "KEN"
        }
    },
    {
        "id": 116,
        "name": {
            "default": "Kiribati",
            "full": "Republic Of Kiribati"
        },
        "code": {
            "alpha2": "KI",
            "alpha3": "KIR"
        }
    },
    {
        "id": 117,
        "name": {
            "default": "Kosovo",
            "full": "Republic Of Kosovo"
        },
        "code": {
            "alpha2": "XK",
            "alpha3": "XKX"
        }
    },
    {
        "id": 118,
        "name": {
            "default": "Kuwait",
            "full": "State Of Kuwait"
        },
        "code": {
            "alpha2": "KW",
            "alpha3": "KWT"
        }
    },
    {
        "id": 119,
        "name": {
            "default": "Kyrgyzstan",
            "full": "Kyrgyz Republic"
        },
        "code": {
            "alpha2": "KG",
            "alpha3": "KGZ"
        }
    },
    {
        "id": 120,
        "name": {
            "default": "Laos",
            "full": "Lao People's Democratic Republic"
        },
        "code": {
            "alpha2": "LA",
            "alpha3": "LAO"
        }
    },
    {
        "id": 121,
        "name": {
            "default": "Latvia",
            "full": "Republic Of Latvia"
        },
        "code": {
            "alpha2": "LV",
            "alpha3": "LVA"
        }
    },
    {
        "id": 122,
        "name": {
            "default": "Lebanon",
            "full": "Republic Of Lebanon"
        },
        "code": {
            "alpha2": "LB",
            "alpha3": "LBN"
        }
    },
    {
        "id": 123,
        "name": {
            "default": "Lesotho",
            "full": "Kingdom Of Lesotho"
        },
        "code": {
            "alpha2": "LS",
            "alpha3": "LSO"
        }
    },
    {
        "id": 124,
        "name": {
            "default": "Liberia",
            "full": "Republic Of Liberia"
        },
        "code": {
            "alpha2": "LR",
            "alpha3": "LBR"
        }
    },
    {
        "id": 125,
        "name": {
            "default": "Libya",
            "full": "Libya"
        },
        "code": {
            "alpha2": "LY",
            "alpha3": "LBY"
        }
    },
    {
        "id": 126,
        "name": {
            "default": "Liechtenstein",
            "full": "Principality Of Liechtenstein"
        },
        "code": {
            "alpha2": "LI",
            "alpha3": "LIE"
        }
    },
    {
        "id": 127,
        "name": {
            "default": "Lithuania",
            "full": "Republic Of Lithuania"
        },
        "code": {
            "alpha2": "LT",
            "alpha3": "LTU"
        }
    },
    {
        "id": 128,
        "name": {
            "default": "Luxembourg",
            "full": "Grand Duchy Of Luxembourg"
        },
        "code": {
            "alpha2": "LU",
            "alpha3": "LUX"
        }
    },
    {
        "id": 129,
        "name": {
            "default": "Macao",
            "full": "The Macao Special Administrative Region"
        },
        "code": {
            "alpha2": "MO",
            "alpha3": "MAC"
        }
    },
    {
        "id": 130,
        "name": {
            "default": "North Macedonia",
            "full": "Republic Of North Macedonia"
        },
        "code": {
            "alpha2": "MK",
            "alpha3": "MKD"
        }
    },
    {
        "id": 131,
        "name": {
            "default": "Madagascar",
            "full": "Republic Of Madagascar"
        },
        "code": {
            "alpha2": "MG",
            "alpha3": "MDG"
        }
    },
    {
        "id": 132,
        "name": {
            "default": "Malawi",
            "full": "Republic Of Malawi"
        },
        "code": {
            "alpha2": "MW",
            "alpha3": "MWI"
        }
    },
    {
        "id": 133,
        "name": {
            "default": "Malaysia",
            "full": "Malaysia"
        },
        "code": {
            "alpha2": "MY",
            "alpha3": "MYS"
        }
    },
    {
        "id": 134,
        "name": {
            "default": "Maldives",
            "full": "Republic Of Maldives"
        },
        "code": {
            "alpha2": "MV",
            "alpha3": "MDV"
        }
    },
    {
        "id": 135,
        "name": {
            "default": "Mali",
            "full": "Republic Of Mali"
        },
        "code": {
            "alpha2": "ML",
            "alpha3": "MLI"
        }
    },
    {
        "id": 136,
        "name": {
            "default": "Malta",
            "full": "Republic Of Malta"
        },
        "code": {
            "alpha2": "MT",
            "alpha3": "MLT"
        }
    },
    {
        "id": 137,
        "name": {
            "default": "Marshall Islands",
            "full": "Republic Of The Marshall Islands"
        },
        "code": {
            "alpha2": "MH",
            "alpha3": "MHL"
        }
    },
    {
        "id": 138,
        "name": {
            "default": "Martinique",
            "full": "Martinique"
        },
        "code": {
            "alpha2": "MQ",
            "alpha3": "MTQ"
        }
    },
    {
        "id": 139,
        "name": {
            "default": "Mauritania",
            "full": "Islamic Republic Of Mauritania"
        },
        "code": {
            "alpha2": "MR",
            "alpha3": "MRT"
        }
    },
    {
        "id": 140,
        "name": {
            "default": "Mauritius",
            "full": "Republic Of Mauritius"
        },
        "code": {
            "alpha2": "MU",
            "alpha3": "MUS"
        }
    },
    {
        "id": 141,
        "name": {
            "default": "Mayotte",
            "full": "Mayotte"
        },
        "code": {
            "alpha2": "YT",
            "alpha3": "MYT"
        }
    },
    {
        "id": 142,
        "name": {
            "default": "Mexico",
            "full": "United Mexican States"
        },
        "code": {
            "alpha2": "MX",
            "alpha3": "MEX"
        }
    },
    {
        "id": 143,
        "name": {
            "default": "Micronesia",
            "full": "Federated States Of Micronesia"
        },
        "code": {
            "alpha2": "FM",
            "alpha3": "FSM"
        }
    },
    {
        "id": 144,
        "name": {
            "default": "Moldova",
            "full": "Republic Of Moldova"
        },
        "code": {
            "alpha2": "MD",
            "alpha3": "MDA"
        }
    },
    {
        "id": 145,
        "name": {
            "default": "Monaco",
            "full": "Principality Of Monaco"
        },
        "code": {
            "alpha2": "MC",
            "alpha3": "MCO"
        }
    },
    {
        "id": 146,
        "name": {
            "default": "Mongolia",
            "full": "Mongolia"
        },
        "code": {
            "alpha2": "MN",
            "alpha3": "MNG"
        }
    },
    {
        "id": 147,
        "name": {
            "default": "Montenegro",
            "full": "Montenegro"
        },
        "code": {
            "alpha2": "ME",
            "alpha3": "MNE"
        }
    },
    {
        "id": 148,
        "name": {
            "default": "Montserrat",
            "full": "Montserrat"
        },
        "code": {
            "alpha2": "MS",
            "alpha3": "MSR"
        }
    },
    {
        "id": 149,
        "name": {
            "default": "Morocco",
            "full": "Kingdom Of Morocco"
        },
        "code": {
            "alpha2": "MA",
            "alpha3": "MAR"
        }
    },
    {
        "id": 150,
        "name": {
            "default": "Mozambique",
            "full": "Republic Of Mozambique"
        },
        "code": {
            "alpha2": "MZ",
            "alpha3": "MOZ"
        }
    },
    {
        "id": 151,
        "name": {
            "default": "Myanmar (Burma)",
            "full": "Republic Of The Union Of Myanmar"
        },
        "code": {
            "alpha2": "MM",
            "alpha3": "MMR"
        }
    },
    {
        "id": 152,
        "name": {
            "default": "Namibia",
            "full": "Republic Of Namibia"
        },
        "code": {
            "alpha2": "NA",
            "alpha3": "NAM"
        }
    },
    {
        "id": 153,
        "name": {
            "default": "Nauru",
            "full": "Republic Of Nauru"
        },
        "code": {
            "alpha2": "NR",
            "alpha3": "NRU"
        }
    },
    {
        "id": 154,
        "name": {
            "default": "Nepal",
            "full": "Federal Democratic Republic Of Nepal"
        },
        "code": {
            "alpha2": "NP",
            "alpha3": "NPL"
        }
    },
    {
        "id": 155,
        "name": {
            "default": "Netherlands",
            "full": "Kingdom Of The Netherlands"
        },
        "code": {
            "alpha2": "NL",
            "alpha3": "NLD"
        }
    },
    {
        "id": 156,
        "name": {
            "default": "New Caledonia",
            "full": "New Caledonia"
        },
        "code": {
            "alpha2": "NC",
            "alpha3": "NCL"
        }
    },
    {
        "id": 157,
        "name": {
            "default": "New Zealand",
            "full": "New Zealand"
        },
        "code": {
            "alpha2": "NZ",
            "alpha3": "NZL"
        }
    },
    {
        "id": 158,
        "name": {
            "default": "Nicaragua",
            "full": "Republic Of Nicaragua"
        },
        "code": {
            "alpha2": "NI",
            "alpha3": "NIC"
        }
    },
    {
        "id": 159,
        "name": {
            "default": "Niger",
            "full": "Republic Of Niger"
        },
        "code": {
            "alpha2": "NE",
            "alpha3": "NER"
        }
    },
    {
        "id": 160,
        "name": {
            "default": "Nigeria",
            "full": "Federal Republic Of Nigeria"
        },
        "code": {
            "alpha2": "NG",
            "alpha3": "NGA"
        }
    },
    {
        "id": 161,
        "name": {
            "default": "Niue",
            "full": "Niue"
        },
        "code": {
            "alpha2": "NU",
            "alpha3": "NIU"
        }
    },
    {
        "id": 162,
        "name": {
            "default": "Norfolk Island",
            "full": "Norfolk Island"
        },
        "code": {
            "alpha2": "NF",
            "alpha3": "NFK"
        }
    },
    {
        "id": 163,
        "name": {
            "default": "North Korea",
            "full": "Democratic People's Republic Of Korea"
        },
        "code": {
            "alpha2": "KP",
            "alpha3": "PRK"
        }
    },
    {
        "id": 164,
        "name": {
            "default": "Northern Mariana Islands",
            "full": "Northern Mariana Islands"
        },
        "code": {
            "alpha2": "MP",
            "alpha3": "MNP"
        }
    },
    {
        "id": 165,
        "name": {
            "default": "Norway",
            "full": "Kingdom Of Norway"
        },
        "code": {
            "alpha2": "NO",
            "alpha3": "NOR"
        }
    },
    {
        "id": 166,
        "name": {
            "default": "Oman",
            "full": "Sultanate Of Oman"
        },
        "code": {
            "alpha2": "OM",
            "alpha3": "OMN"
        }
    },
    {
        "id": 167,
        "name": {
            "default": "Pakistan",
            "full": "Islamic Republic Of Pakistan"
        },
        "code": {
            "alpha2": "PK",
            "alpha3": "PAK"
        }
    },
    {
        "id": 168,
        "name": {
            "default": "Palau",
            "full": "Republic Of Palau"
        },
        "code": {
            "alpha2": "PW",
            "alpha3": "PLW"
        }
    },
    {
        "id": 169,
        "name": {
            "default": "Palestine",
            "full": "State Of Palestine (Or Occupied Palestinian Territory)"
        },
        "code": {
            "alpha2": "PS",
            "alpha3": "PSE"
        }
    },
    {
        "id": 170,
        "name": {
            "default": "Panama",
            "full": "Republic Of Panama"
        },
        "code": {
            "alpha2": "PA",
            "alpha3": "PAN"
        }
    },
    {
        "id": 171,
        "name": {
            "default": "Papua New Guinea",
            "full": "Independent State Of Papua New Guinea"
        },
        "code": {
            "alpha2": "PG",
            "alpha3": "PNG"
        }
    },
    {
        "id": 172,
        "name": {
            "default": "Paraguay",
            "full": "Republic Of Paraguay"
        },
        "code": {
            "alpha2": "PY",
            "alpha3": "PRY"
        }
    },
    {
        "id": 173,
        "name": {
            "default": "Peru",
            "full": "Republic Of Peru"
        },
        "code": {
            "alpha2": "PE",
            "alpha3": "PER"
        }
    },
    {
        "id": 174,
        "name": {
            "default": "Philippines",
            "full": "Republic Of The Philippines"
        },
        "code": {
            "alpha2": "PH",
            "alpha3": "PHL"
        }
    },
    {
        "id": 175,
        "name": {
            "default": "Pitcairn",
            "full": "Pitcairn"
        },
        "code": {
            "alpha2": "PN",
            "alpha3": "PCN"
        }
    },
    {
        "id": 176,
        "name": {
            "default": "Poland",
            "full": "Republic Of Poland"
        },
        "code": {
            "alpha2": "PL",
            "alpha3": "POL"
        }
    },
    {
        "id": 177,
        "name": {
            "default": "Portugal",
            "full": "Portuguese Republic"
        },
        "code": {
            "alpha2": "PT",
            "alpha3": "PRT"
        }
    },
    {
        "id": 178,
        "name": {
            "default": "Puerto Rico",
            "full": "Commonwealth Of Puerto Rico"
        },
        "code": {
            "alpha2": "PR",
            "alpha3": "PRI"
        }
    },
    {
        "id": 179,
        "name": {
            "default": "Qatar",
            "full": "State Of Qatar"
        },
        "code": {
            "alpha2": "QA",
            "alpha3": "QAT"
        }
    },
    {
        "id": 180,
        "name": {
            "default": "Reunion",
            "full": "Reunion"
        },
        "code": {
            "alpha2": "RE",
            "alpha3": "REU"
        }
    },
    {
        "id": 181,
        "name": {
            "default": "Romania",
            "full": "Romania"
        },
        "code": {
            "alpha2": "RO",
            "alpha3": "ROU"
        }
    },
    {
        "id": 182,
        "name": {
            "default": "Russia",
            "full": "Russian Federation"
        },
        "code": {
            "alpha2": "RU",
            "alpha3": "RUS"
        }
    },
    {
        "id": 183,
        "name": {
            "default": "Rwanda",
            "full": "Republic Of Rwanda"
        },
        "code": {
            "alpha2": "RW",
            "alpha3": "RWA"
        }
    },
    {
        "id": 184,
        "name": {
            "default": "Saint Barthelemy",
            "full": "Saint Barthelemy"
        },
        "code": {
            "alpha2": "BL",
            "alpha3": "BLM"
        }
    },
    {
        "id": 185,
        "name": {
            "default": "Saint Helena",
            "full": "Saint Helena, Ascension And Tristan Da Cunha"
        },
        "code": {
            "alpha2": "SH",
            "alpha3": "SHN"
        }
    },
    {
        "id": 186,
        "name": {
            "default": "Saint Kitts And Nevis",
            "full": "Federation Of Saint Christopher And Nevis"
        },
        "code": {
            "alpha2": "KN",
            "alpha3": "KNA"
        }
    },
    {
        "id": 187,
        "name": {
            "default": "Saint Lucia",
            "full": "Saint Lucia"
        },
        "code": {
            "alpha2": "LC",
            "alpha3": "LCA"
        }
    },
    {
        "id": 188,
        "name": {
            "default": "Saint Martin",
            "full": "Saint Martin"
        },
        "code": {
            "alpha2": "MF",
            "alpha3": "MAF"
        }
    },
    {
        "id": 189,
        "name": {
            "default": "Saint Pierre And Miquelon",
            "full": "Saint Pierre And Miquelon"
        },
        "code": {
            "alpha2": "PM",
            "alpha3": "SPM"
        }
    },
    {
        "id": 190,
        "name": {
            "default": "Saint Vincent And The Grenadines",
            "full": "Saint Vincent And The Grenadines"
        },
        "code": {
            "alpha2": "VC",
            "alpha3": "VCT"
        }
    },
    {
        "id": 191,
        "name": {
            "default": "Samoa",
            "full": "Independent State Of Samoa"
        },
        "code": {
            "alpha2": "WS",
            "alpha3": "WSM"
        }
    },
    {
        "id": 192,
        "name": {
            "default": "San Marino",
            "full": "Republic Of San Marino"
        },
        "code": {
            "alpha2": "SM",
            "alpha3": "SMR"
        }
    },
    {
        "id": 193,
        "name": {
            "default": "Sao Tome And Principe",
            "full": "Democratic Republic Of Sao Tome And Principe"
        },
        "code": {
            "alpha2": "ST",
            "alpha3": "STP"
        }
    },
    {
        "id": 194,
        "name": {
            "default": "Saudi Arabia",
            "full": "Kingdom Of Saudi Arabia"
        },
        "code": {
            "alpha2": "SA",
            "alpha3": "SAU"
        }
    },
    {
        "id": 195,
        "name": {
            "default": "Senegal",
            "full": "Republic Of Senegal"
        },
        "code": {
            "alpha2": "SN",
            "alpha3": "SEN"
        }
    },
    {
        "id": 196,
        "name": {
            "default": "Serbia",
            "full": "Republic Of Serbia"
        },
        "code": {
            "alpha2": "RS",
            "alpha3": "SRB"
        }
    },
    {
        "id": 197,
        "name": {
            "default": "Seychelles",
            "full": "Republic Of Seychelles"
        },
        "code": {
            "alpha2": "SC",
            "alpha3": "SYC"
        }
    },
    {
        "id": 198,
        "name": {
            "default": "Sierra Leone",
            "full": "Republic Of Sierra Leone"
        },
        "code": {
            "alpha2": "SL",
            "alpha3": "SLE"
        }
    },
    {
        "id": 199,
        "name": {
            "default": "Singapore",
            "full": "Republic Of Singapore"
        },
        "code": {
            "alpha2": "SG",
            "alpha3": "SGP"
        }
    },
    {
        "id": 200,
        "name": {
            "default": "Sint Maarten",
            "full": "Sint Maarten"
        },
        "code": {
            "alpha2": "SX",
            "alpha3": "SXM"
        }
    },
    {
        "id": 201,
        "name": {
            "default": "Slovakia",
            "full": "Slovak Republic"
        },
        "code": {
            "alpha2": "SK",
            "alpha3": "SVK"
        }
    },
    {
        "id": 202,
        "name": {
            "default": "Slovenia",
            "full": "Republic Of Slovenia"
        },
        "code": {
            "alpha2": "SI",
            "alpha3": "SVN"
        }
    },
    {
        "id": 203,
        "name": {
            "default": "Solomon Islands",
            "full": "Solomon Islands"
        },
        "code": {
            "alpha2": "SB",
            "alpha3": "SLB"
        }
    },
    {
        "id": 204,
        "name": {
            "default": "Somalia",
            "full": "Somali Republic"
        },
        "code": {
            "alpha2": "SO",
            "alpha3": "SOM"
        }
    },
    {
        "id": 205,
        "name": {
            "default": "South Africa",
            "full": "Republic Of South Africa"
        },
        "code": {
            "alpha2": "ZA",
            "alpha3": "ZAF"
        }
    },
    {
        "id": 206,
        "name": {
            "default": "South Georgia And The South Sandwich Islands",
            "full": "South Georgia And The South Sandwich Islands"
        },
        "code": {
            "alpha2": "GS",
            "alpha3": "SGS"
        }
    },
    {
        "id": 207,
        "name": {
            "default": "South Korea",
            "full": "Republic Of Korea"
        },
        "code": {
            "alpha2": "KR",
            "alpha3": "KOR"
        }
    },
    {
        "id": 208,
        "name": {
            "default": "South Sudan",
            "full": "Republic Of South Sudan"
        },
        "code": {
            "alpha2": "SS",
            "alpha3": "SSD"
        }
    },
    {
        "id": 209,
        "name": {
            "default": "Spain",
            "full": "Kingdom Of Spain"
        },
        "code": {
            "alpha2": "ES",
            "alpha3": "ESP"
        }
    },
    {
        "id": 210,
        "name": {
            "default": "Sri Lanka",
            "full": "Democratic Socialist Republic Of Sri Lanka"
        },
        "code": {
            "alpha2": "LK",
            "alpha3": "LKA"
        }
    },
    {
        "id": 211,
        "name": {
            "default": "Sudan",
            "full": "Republic Of The Sudan"
        },
        "code": {
            "alpha2": "SD",
            "alpha3": "SDN"
        }
    },
    {
        "id": 212,
        "name": {
            "default": "Suriname",
            "full": "Republic Of Suriname"
        },
        "code": {
            "alpha2": "SR",
            "alpha3": "SUR"
        }
    },
    {
        "id": 213,
        "name": {
            "default": "Svalbard And Jan Mayen",
            "full": "Svalbard And Jan Mayen"
        },
        "code": {
            "alpha2": "SJ",
            "alpha3": "SJM"
        }
    },
    {
        "id": 214,
        "name": {
            "default": "Eswatini",
            "full": "Kingdom Of Eswatini"
        },
        "code": {
            "alpha2": "SZ",
            "alpha3": "SWZ"
        }
    },
    {
        "id": 215,
        "name": {
            "default": "Sweden",
            "full": "Kingdom Of Sweden"
        },
        "code": {
            "alpha2": "SE",
            "alpha3": "SWE"
        }
    },
    {
        "id": 216,
        "name": {
            "default": "Switzerland",
            "full": "Swiss Confederation"
        },
        "code": {
            "alpha2": "CH",
            "alpha3": "CHE"
        }
    },
    {
        "id": 217,
        "name": {
            "default": "Syria",
            "full": "Syrian Arab Republic"
        },
        "code": {
            "alpha2": "SY",
            "alpha3": "SYR"
        }
    },
    {
        "id": 218,
        "name": {
            "default": "Taiwan",
            "full": "Republic Of China (Taiwan)"
        },
        "code": {
            "alpha2": "TW",
            "alpha3": "TWN"
        }
    },
    {
        "id": 219,
        "name": {
            "default": "Tajikistan",
            "full": "Republic Of Tajikistan"
        },
        "code": {
            "alpha2": "TJ",
            "alpha3": "TJK"
        }
    },
    {
        "id": 220,
        "name": {
            "default": "Tanzania",
            "full": "United Republic Of Tanzania"
        },
        "code": {
            "alpha2": "TZ",
            "alpha3": "TZA"
        }
    },
    {
        "id": 221,
        "name": {
            "default": "Thailand",
            "full": "Kingdom Of Thailand"
        },
        "code": {
            "alpha2": "TH",
            "alpha3": "THA"
        }
    },
    {
        "id": 222,
        "name": {
            "default": "Timor-Leste (East Timor)",
            "full": "Democratic Republic Of Timor-Leste"
        },
        "code": {
            "alpha2": "TL",
            "alpha3": "TLS"
        }
    },
    {
        "id": 223,
        "name": {
            "default": "Togo",
            "full": "Togolese Republic"
        },
        "code": {
            "alpha2": "TG",
            "alpha3": "TGO"
        }
    },
    {
        "id": 224,
        "name": {
            "default": "Tokelau",
            "full": "Tokelau"
        },
        "code": {
            "alpha2": "TK",
            "alpha3": "TKL"
        }
    },
    {
        "id": 225,
        "name": {
            "default": "Tonga",
            "full": "Kingdom Of Tonga"
        },
        "code": {
            "alpha2": "TO",
            "alpha3": "TON"
        }
    },
    {
        "id": 226,
        "name": {
            "default": "Trinidad And Tobago",
            "full": "Republic Of Trinidad And Tobago"
        },
        "code": {
            "alpha2": "TT",
            "alpha3": "TTO"
        }
    },
    {
        "id": 227,
        "name": {
            "default": "Tunisia",
            "full": "Republic Of Tunisia"
        },
        "code": {
            "alpha2": "TN",
            "alpha3": "TUN"
        }
    },
    {
        "id": 228,
        "name": {
            "default": "Turkey",
            "full": "Republic Of Turkey"
        },
        "code": {
            "alpha2": "TR",
            "alpha3": "TUR"
        }
    },
    {
        "id": 229,
        "name": {
            "default": "Turkmenistan",
            "full": "Turkmenistan"
        },
        "code": {
            "alpha2": "TM",
            "alpha3": "TKM"
        }
    },
    {
        "id": 230,
        "name": {
            "default": "Turks And Caicos Islands",
            "full": "Turks And Caicos Islands"
        },
        "code": {
            "alpha2": "TC",
            "alpha3": "TCA"
        }
    },
    {
        "id": 231,
        "name": {
            "default": "Tuvalu",
            "full": "Tuvalu"
        },
        "code": {
            "alpha2": "TV",
            "alpha3": "TUV"
        }
    },
    {
        "id": 232,
        "name": {
            "default": "Uganda",
            "full": "Republic Of Uganda"
        },
        "code": {
            "alpha2": "UG",
            "alpha3": "UGA"
        }
    },
    {
        "id": 233,
        "name": {
            "default": "Ukraine",
            "full": "Ukraine"
        },
        "code": {
            "alpha2": "UA",
            "alpha3": "UKR"
        }
    },
    {
        "id": 234,
        "name": {
            "default": "United Arab Emirates",
            "full": "United Arab Emirates"
        },
        "code": {
            "alpha2": "AE",
            "alpha3": "ARE"
        }
    },
    {
        "id": 235,
        "name": {
            "default": "United Kingdom",
            "full": "United Kingdom Of Great Britain And Nothern Ireland"
        },
        "code": {
            "alpha2": "GB",
            "alpha3": "GBR"
        }
    },
    {
        "id": 236,
        "name": {
            "default": "United States",
            "full": "United States Of America"
        },
        "code": {
            "alpha2": "US",
            "alpha3": "USA"
        }
    },
    {
        "id": 237,
        "name": {
            "default": "United States Minor Outlying Islands",
            "full": "United States Minor Outlying Islands"
        },
        "code": {
            "alpha2": "UM",
            "alpha3": "UMI"
        }
    },
    {
        "id": 238,
        "name": {
            "default": "Uruguay",
            "full": "Eastern Republic Of Uruguay"
        },
        "code": {
            "alpha2": "UY",
            "alpha3": "URY"
        }
    },
    {
        "id": 239,
        "name": {
            "default": "Uzbekistan",
            "full": "Republic Of Uzbekistan"
        },
        "code": {
            "alpha2": "UZ",
            "alpha3": "UZB"
        }
    },
    {
        "id": 240,
        "name": {
            "default": "Vanuatu",
            "full": "Republic Of Vanuatu"
        },
        "code": {
            "alpha2": "VU",
            "alpha3": "VUT"
        }
    },
    {
        "id": 241,
        "name": {
            "default": "Vatican City",
            "full": "State Of The Vatican City"
        },
        "code": {
            "alpha2": "VA",
            "alpha3": "VAT"
        }
    },
    {
        "id": 242,
        "name": {
            "default": "Venezuela",
            "full": "Bolivarian Republic Of Venezuela"
        },
        "code": {
            "alpha2": "VE",
            "alpha3": "VEN"
        }
    },
    {
        "id": 243,
        "name": {
            "default": "Vietnam",
            "full": "Socialist Republic Of Vietnam"
        },
        "code": {
            "alpha2": "VN",
            "alpha3": "VNM"
        }
    },
    {
        "id": 244,
        "name": {
            "default": "Virgin Islands British",
            "full": "British Virgin Islands"
        },
        "code": {
            "alpha2": "VG",
            "alpha3": "VGB"
        }
    },
    {
        "id": 245,
        "name": {
            "default": "Virgin Islands Us",
            "full": "Virgin Islands Of The United States"
        },
        "code": {
            "alpha2": "VI",
            "alpha3": "VIR"
        }
    },
    {
        "id": 246,
        "name": {
            "default": "Wallis And Futuna",
            "full": "Wallis And Futuna"
        },
        "code": {
            "alpha2": "WF",
            "alpha3": "WLF"
        }
    },
    {
        "id": 247,
        "name": {
            "default": "Western Sahara",
            "full": "Western Sahara"
        },
        "code": {
            "alpha2": "EH",
            "alpha3": "ESH"
        }
    },
    {
        "id": 248,
        "name": {
            "default": "Yemen",
            "full": "Republic Of Yemen"
        },
        "code": {
            "alpha2": "YE",
            "alpha3": "YEM"
        }
    },
    {
        "id": 249,
        "name": {
            "default": "Zambia",
            "full": "Republic Of Zambia"
        },
        "code": {
            "alpha2": "ZM",
            "alpha3": "ZMB"
        }
    },
    {
        "id": 250,
        "name": {
            "default": "Zimbabwe",
            "full": "Republic Of Zimbabwe"
        },
        "code": {
            "alpha2": "ZW",
            "alpha3": "ZWE"
        }
    }
]